[
    { "id": "Seoul", "name": "서울특별시", "region": "서울특별시", "country": "대한민국" },
    { "id": "Busan", "name": "부산광역시", "region": "부산광역시", "country": "대한민국" },
    { "id": "Daegu", "name": "대구광역시", "region": "대구광역시", "country": "대한민국" },
    { "id": "Incheon", "name": "인천광역시", "region": "인천광역시", "country": "대한민국" },
    { "id": "Gwangju", "name": "광주광역시", "region": "광주광역시", "country": "대한민국" },
    { "id": "Daejeon", "name": "대전광역시", "region": "대전광역시", "country": "대한민국" },
    { "id": "Ulsan", "name": "울산광역시", "region": "울산광역시", "country": "대한민국" },
    { "id": "Sejong", "name": "세종특별자치시", "region": "세종특별자치시", "country": "대한민국" },
    
    { "id": "Suwon", "name": "수원시", "region": "경기도", "country": "대한민국" },
    { "id": "Seongnam", "name": "성남시", "region": "경기도", "country": "대한민국" },
    { "id": "Uijeongbu", "name": "의정부시", "region": "경기도", "country": "대한민국" },
    { "id": "Anyang", "name": "안양시", "region": "경기도", "country": "대한민국" },
    { "id": "Bucheon", "name": "부천시", "region": "경기도", "country": "대한민국" },
    { "id": "Gwangmyeong", "name": "광명시", "region": "경기도", "country": "대한민국" },
    { "id": "Pyeongtaek", "name": "평택시", "region": "경기도", "country": "대한민국" },
    { "id": "Dongducheon", "name": "동두천시", "region": "경기도", "country": "대한민국" },
    { "id": "Ansan", "name": "안산시", "region": "경기도", "country": "대한민국" },
    { "id": "Goyang", "name": "고양시", "region": "경기도", "country": "대한민국" },
    { "id": "Gwacheon", "name": "과천시", "region": "경기도", "country": "대한민국" },
    { "id": "Guri", "name": "구리시", "region": "경기도", "country": "대한민국" },
    { "id": "Namyangju", "name": "남양주시", "region": "경기도", "country": "대한민국" },
    { "id": "Osan", "name": "오산시", "region": "경기도", "country": "대한민국" },
    { "id": "Siheung", "name": "시흥시", "region": "경기도", "country": "대한민국" },
    { "id": "Gunpo", "name": "군포시", "region": "경기도", "country": "대한민국" },
    { "id": "Uiwang", "name": "의왕시", "region": "경기도", "country": "대한민국" },
    { "id": "Hanam", "name": "하남시", "region": "경기도", "country": "대한민국" },
    { "id": "Yongin", "name": "용인시", "region": "경기도", "country": "대한민국" },
    { "id": "Paju", "name": "파주시", "region": "경기도", "country": "대한민국" },
    { "id": "Icheon", "name": "이천시", "region": "경기도", "country": "대한민국" },
    { "id": "Anseong", "name": "안성시", "region": "경기도", "country": "대한민국" },
    { "id": "Gimpo", "name": "김포시", "region": "경기도", "country": "대한민국" },
    { "id": "Hwaseong", "name": "화성시", "region": "경기도", "country": "대한민국" },
    { "id": "GwangjuG", "name": "광주시", "region": "경기도", "country": "대한민국" },
    { "id": "Yangju", "name": "양주시", "region": "경기도", "country": "대한민국" },
    { "id": "Pocheon", "name": "포천시", "region": "경기도", "country": "대한민국" },
    { "id": "Yeoju", "name": "여주시", "region": "경기도", "country": "대한민국" },
    { "id": "Yeoncheon", "name": "연천군", "region": "경기도", "country": "대한민국" },
    { "id": "Gapyeong", "name": "가평군", "region": "경기도", "country": "대한민국" },
    { "id": "Yangpyeong", "name": "양평군", "region": "경기도", "country": "대한민국" },
    
    { "id": "Chuncheon", "name": "춘천시", "region": "강원도", "country": "대한민국" },
    { "id": "Wonju", "name": "원주시", "region": "강원도", "country": "대한민국" },
    { "id": "Gangneung", "name": "강릉시", "region": "강원도", "country": "대한민국" },
    { "id": "Donghae", "name": "동해시", "region": "강원도", "country": "대한민국" },
    { "id": "Taebaek", "name": "태백시", "region": "강원도", "country": "대한민국" },
    { "id": "Sokcho", "name": "속초시", "region": "강원도", "country": "대한민국" },
    { "id": "Samcheok", "name": "삼척시", "region": "강원도", "country": "대한민국" },
    { "id": "Hongcheon", "name": "홍천군", "region": "강원도", "country": "대한민국" },
    { "id": "Hoengseong", "name": "횡성군", "region": "강원도", "country": "대한민국" },
    { "id": "Yeongwol", "name": "영월군", "region": "강원도", "country": "대한민국" },
    { "id": "Pyeongchang", "name": "평창군", "region": "강원도", "country": "대한민국" },
    { "id": "Jeongseon", "name": "정선군", "region": "강원도", "country": "대한민국" },
    { "id": "Cheorwon", "name": "철원군", "region": "강원도", "country": "대한민국" },
    { "id": "Hwacheon", "name": "화천군", "region": "강원도", "country": "대한민국" },
    { "id": "Yanggu", "name": "양구군", "region": "강원도", "country": "대한민국" },
    { "id": "Inje", "name": "인제군", "region": "강원도", "country": "대한민국" },
    { "id": "Goseong", "name": "고성군", "region": "강원도", "country": "대한민국" },
    { "id": "Yangyang", "name": "양양군", "region": "강원도", "country": "대한민국" },
    
    { "id": "Cheongju", "name": "청주시", "region": "충청북도", "country": "대한민국" },
    { "id": "Chungju", "name": "충주시", "region": "충청북도", "country": "대한민국" },
    { "id": "Jecheon", "name": "제천시", "region": "충청북도", "country": "대한민국" },
    { "id": "Boeun", "name": "보은군", "region": "충청북도", "country": "대한민국" },
    { "id": "Okcheon", "name": "옥천군", "region": "충청북도", "country": "대한민국" },
    { "id": "Yeongdong", "name": "영동군", "region": "충청북도", "country": "대한민국" },
    { "id": "Jincheon", "name": "진천군", "region": "충청북도", "country": "대한민국" },
    { "id": "Goesan", "name": "괴산군", "region": "충청북도", "country": "대한민국" },
    { "id": "Eumseong", "name": "음성군", "region": "충청북도", "country": "대한민국" },
    { "id": "Danyang", "name": "단양군", "region": "충청북도", "country": "대한민국" },
    { "id": "Cheonan", "name": "천안시", "region": "충청남도", "country": "대한민국" },
    { "id": "Gongju", "name": "공주시", "region": "충청남도", "country": "대한민국" },
    { "id": "Boryeong", "name": "보령시", "region": "충청남도", "country": "대한민국" },
    { "id": "Asan", "name": "아산시", "region": "충청남도", "country": "대한민국" },
    { "id": "Seosan", "name": "서산시", "region": "충청남도", "country": "대한민국" },
    { "id": "Nonsan", "name": "논산시", "region": "충청남도", "country": "대한민국" },
    { "id": "Gyeryong", "name": "계룡시", "region": "충청남도", "country": "대한민국" },
    { "id": "Dangjin", "name": "당진시", "region": "충청남도", "country": "대한민국" },
    { "id": "Geumsan", "name": "금산군", "region": "충청남도", "country": "대한민국" },
    { "id": "Buyeo", "name": "부여군", "region": "충청남도", "country": "대한민국" },
    { "id": "Seocheon", "name": "서천군", "region": "충청남도", "country": "대한민국" },
    { "id": "Cheongyang", "name": "청양군", "region": "충청남도", "country": "대한민국" },
    { "id": "Hongseong", "name": "홍성군", "region": "충청남도", "country": "대한민국" },
    { "id": "Yesan", "name": "예산군", "region": "충청남도", "country": "대한민국" },
    { "id": "Taean", "name": "태안군", "region": "충청남도", "country": "대한민국" },

    { "id": "Jeonju", "name": "전주시", "region": "전라북도", "country": "대한민국" },
    { "id": "Gunsan", "name": "군산시", "region": "전라북도", "country": "대한민국" },
    { "id": "Iksan", "name": "익산시", "region": "전라북도", "country": "대한민국" },
    { "id": "Jeongeup", "name": "정읍시", "region": "전라북도", "country": "대한민국" },
    { "id": "Namwon", "name": "남원시", "region": "전라북도", "country": "대한민국" },
    { "id": "Gimje", "name": "김제시", "region": "전라북도", "country": "대한민국" },
    { "id": "Wanju", "name": "완주군", "region": "전라북도", "country": "대한민국" },
    { "id": "Jinan", "name": "진안군", "region": "전라북도", "country": "대한민국" },
    { "id": "Muju", "name": "무주군", "region": "전라북도", "country": "대한민국" },
    { "id": "Jangsu", "name": "장수군", "region": "전라북도", "country": "대한민국" },
    { "id": "Imsil", "name": "임실군", "region": "전라북도", "country": "대한민국" },
    { "id": "Sunchang", "name": "순창군", "region": "전라북도", "country": "대한민국" },
    { "id": "Gochang", "name": "고창군", "region": "전라북도", "country": "대한민국" },
    { "id": "Buan", "name": "부안군", "region": "전라북도", "country": "대한민국" },

    { "id": "Mokpo", "name": "목포시", "region": "전라남도", "country": "대한민국" },
    { "id": "Yeosu", "name": "여수시", "region": "전라남도", "country": "대한민국" },
    { "id": "Suncheon", "name": "순천시", "region": "전라남도", "country": "대한민국" },
    { "id": "Naju", "name": "나주시", "region": "전라남도", "country": "대한민국" },
    { "id": "Gwangyang", "name": "광양시", "region": "전라남도", "country": "대한민국" },
    { "id": "Damyang", "name": "담양군", "region": "전라남도", "country": "대한민국" },
    { "id": "Gokseong", "name": "곡성군", "region": "전라남도", "country": "대한민국" },
    { "id": "Gurye", "name": "구례군", "region": "전라남도", "country": "대한민국" },
    { "id": "Goheung", "name": "고흥군", "region": "전라남도", "country": "대한민국" },
    { "id": "Boseong", "name": "보성군", "region": "전라남도", "country": "대한민국" },
    { "id": "Hwasun", "name": "화순군", "region": "전라남도", "country": "대한민국" },
    { "id": "Jangheung", "name": "장흥군", "region": "전라남도", "country": "대한민국" },
    { "id": "Gangjin", "name": "강진군", "region": "전라남도", "country": "대한민국" },
    { "id": "Haenam", "name": "해남군", "region": "전라남도", "country": "대한민국" },
    { "id": "Yeongam", "name": "영암군", "region": "전라남도", "country": "대한민국" },
    { "id": "Muan", "name": "무안군", "region": "전라남도", "country": "대한민국" },
    { "id": "Hampyeong", "name": "함평군", "region": "전라남도", "country": "대한민국" },
    { "id": "Yeonggwang", "name": "영광군", "region": "전라남도", "country": "대한민국" },
    { "id": "Jangseong", "name": "장성군", "region": "전라남도", "country": "대한민국" },
    { "id": "Wando", "name": "완도군", "region": "전라남도", "country": "대한민국" },
    { "id": "Jindo", "name": "진도군", "region": "전라남도", "country": "대한민국" },
    { "id": "Shinan", "name": "신안군", "region": "전라남도", "country": "대한민국" },

    { "id": "Pohang", "name": "포항시", "region": "경상북도", "country": "대한민국" },
    { "id": "Gyeongju", "name": "경주시", "region": "경상북도", "country": "대한민국" },
    { "id": "Gimcheon", "name": "김천시", "region": "경상북도", "country": "대한민국" },
    { "id": "Andong", "name": "안동시", "region": "경상북도", "country": "대한민국" },
    { "id": "Gumi", "name": "구미시", "region": "경상북도", "country": "대한민국" },
    { "id": "Yeongju", "name": "영주시", "region": "경상북도", "country": "대한민국" },
    { "id": "Yeongcheon", "name": "영천시", "region": "경상북도", "country": "대한민국" },
    { "id": "Sangju", "name": "상주시", "region": "경상북도", "country": "대한민국" },
    { "id": "Mungyeong", "name": "문경시", "region": "경상북도", "country": "대한민국" },
    { "id": "Gyeongsan", "name": "경산시", "region": "경상북도", "country": "대한민국" },
    { "id": "Gunwi", "name": "군위군", "region": "경상북도", "country": "대한민국" },
    { "id": "Uiseong", "name": "의성군", "region": "경상북도", "country": "대한민국" },
    { "id": "Cheongsong", "name": "청송군", "region": "경상북도", "country": "대한민국" },
    { "id": "Yeongyang", "name": "영양군", "region": "경상북도", "country": "대한민국" },
    { "id": "Yeongdeok", "name": "영덕군", "region": "경상북도", "country": "대한민국" },
    { "id": "Cheongdo", "name": "청도군", "region": "경상북도", "country": "대한민국" },
    { "id": "Goryeong", "name": "고령군", "region": "경상북도", "country": "대한민국" },
    { "id": "Seongju", "name": "성주군", "region": "경상북도", "country": "대한민국" },
    { "id": "Chilgok", "name": "칠곡군", "region": "경상북도", "country": "대한민국" },
    { "id": "Yecheon", "name": "예천군", "region": "경상북도", "country": "대한민국" },
    { "id": "Bonghwa", "name": "봉화군", "region": "경상북도", "country": "대한민국" },
    { "id": "Uljin", "name": "울진군", "region": "경상북도", "country": "대한민국" },
    { "id": "Ulleung", "name": "울릉군", "region": "경상북도", "country": "대한민국" },

    { "id": "Changwon", "name": "창원시", "region": "경상남도", "country": "대한민국" },
    { "id": "Jinju", "name": "진주시", "region": "경상남도", "country": "대한민국" },
    { "id": "Tongyeong", "name": "통영시", "region": "경상남도", "country": "대한민국" },
    { "id": "Sacheon", "name": "사천시", "region": "경상남도", "country": "대한민국" },
    { "id": "Gimhae", "name": "김해시", "region": "경상남도", "country": "대한민국" },
    { "id": "Miryang", "name": "밀양시", "region": "경상남도", "country": "대한민국" },
    { "id": "Geoje", "name": "거제시", "region": "경상남도", "country": "대한민국" },
    { "id": "Yangsan", "name": "양산시", "region": "경상남도", "country": "대한민국" },
    { "id": "Uiryeong", "name": "의령군", "region": "경상남도", "country": "대한민국" },
    { "id": "Haman", "name": "함안군", "region": "경상남도", "country": "대한민국" },
    { "id": "Changnyeong", "name": "창녕군", "region": "경상남도", "country": "대한민국" },
    { "id": "GoseongG", "name": "고성군", "region": "경상남도", "country": "대한민국" },
    { "id": "Namhae", "name": "남해군", "region": "경상남도", "country": "대한민국" },
    { "id": "Hadong", "name": "하동군", "region": "경상남도", "country": "대한민국" },
    { "id": "Sancheong", "name": "산청군", "region": "경상남도", "country": "대한민국" },
    { "id": "Hamyang", "name": "함양군", "region": "경상남도", "country": "대한민국" },
    { "id": "Geochang", "name": "거창군", "region": "경상남도", "country": "대한민국" },
    { "id": "Hapcheon", "name": "합천군", "region": "경상남도", "country": "대한민국" },

    { "id": "Jeju", "name": "제주시", "region": "제주특별자치도", "country": "대한민국" },
    { "id": "Seogwipo", "name": "서귀포시", "region": "제주특별자치도", "country": "대한민국" }
  ]
